[
  { "name": "TVK", "url": "https://raw.githubusercontent.com/sgapps1896-alt/SG-Code/refs/heads/main/1/images/vijay1.jpg", "previewUrl": "https://raw.githubusercontent.com/sgapps1896-alt/SG-Code/refs/heads/main/1/images/vijay1.jpg", "categories": "TVK", "premium": false },
  { "name": "TVK", "url": "https://raw.githubusercontent.com/sgapps1896-alt/SG-Code/refs/heads/main/1/images/vijay2.jpg", "previewUrl": "https://raw.githubusercontent.com/sgapps1896-alt/SG-Code/refs/heads/main/1/images/vijay2.jpg", "categories": "TVK", "premium": false },
  { "name": "TVK", "url": "https://raw.githubusercontent.com/sgapps1896-alt/SG-Code/refs/heads/main/1/images/vijay3.jpg", "previewUrl": "https://raw.githubusercontent.com/sgapps1896-alt/SG-Code/refs/heads/main/1/images/vijay3.jpg", "categories": "TVK", "premium": false },
  { "name": "TVK", "url": "https://raw.githubusercontent.com/sgapps1896-alt/SG-Code/refs/heads/main/1/images/vijay4.jpg", "previewUrl": "https://raw.githubusercontent.com/sgapps1896-alt/SG-Code/refs/heads/main/1/images/vijay4.jpg", "categories": "TVK", "premium": false },
  { "name": "TVK", "url": "https://raw.githubusercontent.com/sgapps1896-alt/SG-Code/refs/heads/main/1/images/vijay5.jpg", "previewUrl": "https://raw.githubusercontent.com/sgapps1896-alt/SG-Code/refs/heads/main/1/images/vijay5.jpg", "categories": "TVK", "premium": false },
  { "name": "TVK", "url": "https://raw.githubusercontent.com/sgapps1896-alt/SG-Code/refs/heads/main/1/images/vijay6.jpg", "previewUrl": "https://raw.githubusercontent.com/sgapps1896-alt/SG-Code/refs/heads/main/1/images/vijay6.jpg", "categories": "TVK", "premium": false },
  { "name": "TVK", "url": "https://raw.githubusercontent.com/sgapps1896-alt/SG-Code/refs/heads/main/1/images/vijay7.jpg", "previewUrl": "https://raw.githubusercontent.com/sgapps1896-alt/SG-Code/refs/heads/main/1/images/vijay7.jpg", "categories": "TVK", "premium": false },
  { "name": "TVK", "url": "https://raw.githubusercontent.com/sgapps1896-alt/SG-Code/refs/heads/main/1/images/vijay8.jpg", "previewUrl": "https://raw.githubusercontent.com/sgapps1896-alt/SG-Code/refs/heads/main/1/images/vijay8.jpg", "categories": "TVK", "premium": false },
  { "name": "TVK", "url": "https://raw.githubusercontent.com/sgapps1896-alt/SG-Code/refs/heads/main/1/images/vijay9.jpg", "previewUrl": "https://raw.githubusercontent.com/sgapps1896-alt/SG-Code/refs/heads/main/1/images/vijay9.jpg", "categories": "TVK", "premium": false },
  { "name": "TVK", "url": "https://raw.githubusercontent.com/sgapps1896-alt/SG-Code/refs/heads/main/1/images/vijay10.jpg", "previewUrl": "https://raw.githubusercontent.com/sgapps1896-alt/SG-Code/refs/heads/main/1/images/vijay10.jpg", "categories": "TVK", "premium": false },
  { "name": "TVK", "url": "https://raw.githubusercontent.com/sgapps1896-alt/SG-Code/refs/heads/main/1/images/vijay11.jpg", "previewUrl": "https://raw.githubusercontent.com/sgapps1896-alt/SG-Code/refs/heads/main/1/images/vijay11.jpg", "categories": "TVK", "premium": false },
  { "name": "TVK", "url": "https://raw.githubusercontent.com/sgapps1896-alt/SG-Code/refs/heads/main/1/images/vijay12.jpg", "previewUrl": "https://raw.githubusercontent.com/sgapps1896-alt/SG-Code/refs/heads/main/1/images/vijay12.jpg", "categories": "TVK", "premium": false },
  { "name": "TVK", "url": "https://raw.githubusercontent.com/sgapps1896-alt/SG-Code/refs/heads/main/1/images/vijay13.jpg", "previewUrl": "https://raw.githubusercontent.com/sgapps1896-alt/SG-Code/refs/heads/main/1/images/vijay13.jpg", "categories": "TVK", "premium": false },
  { "name": "TVK", "url": "https://raw.githubusercontent.com/sgapps1896-alt/SG-Code/refs/heads/main/1/images/vijay14.jpg", "previewUrl": "https://raw.githubusercontent.com/sgapps1896-alt/SG-Code/refs/heads/main/1/images/vijay14.jpg", "categories": "TVK", "premium": false },
  { "name": "TVK", "url": "https://raw.githubusercontent.com/sgapps1896-alt/SG-Code/refs/heads/main/1/images/vijay15.jpg", "previewUrl": "https://raw.githubusercontent.com/sgapps1896-alt/SG-Code/refs/heads/main/1/images/vijay15.jpg", "categories": "TVK", "premium": false },
  { "name": "TVK", "url": "https://raw.githubusercontent.com/sgapps1896-alt/SG-Code/refs/heads/main/1/images/vijay16.jpg", "previewUrl": "https://raw.githubusercontent.com/sgapps1896-alt/SG-Code/refs/heads/main/1/images/vijay16.jpg", "categories": "TVK", "premium": false },
  { "name": "TVK", "url": "https://raw.githubusercontent.com/sgapps1896-alt/SG-Code/refs/heads/main/1/images/vijay17.jpg", "previewUrl": "https://raw.githubusercontent.com/sgapps1896-alt/SG-Code/refs/heads/main/1/images/vijay17.jpg", "categories": "TVK", "premium": false },
  { "name": "TVK", "url": "https://raw.githubusercontent.com/sgapps1896-alt/SG-Code/refs/heads/main/1/images/vijay18.jpg", "previewUrl": "https://raw.githubusercontent.com/sgapps1896-alt/SG-Code/refs/heads/main/1/images/vijay18.jpg", "categories": "TVK", "premium": false },
  { "name": "TVK", "url": "https://raw.githubusercontent.com/sgapps1896-alt/SG-Code/refs/heads/main/1/images/vijay19.jpg", "previewUrl": "https://raw.githubusercontent.com/sgapps1896-alt/SG-Code/refs/heads/main/1/images/vijay19.jpg", "categories": "TVK", "premium": false },
  { "name": "TVK", "url": "https://raw.githubusercontent.com/sgapps1896-alt/SG-Code/refs/heads/main/1/images/vijay20.jpg", "previewUrl": "https://raw.githubusercontent.com/sgapps1896-alt/SG-Code/refs/heads/main/1/images/vijay20.jpg", "categories": "TVK", "premium": false },
  { "name": "TVK", "url": "https://raw.githubusercontent.com/sgapps1896-alt/SG-Code/refs/heads/main/1/images/vijay21.jpg", "previewUrl": "https://raw.githubusercontent.com/sgapps1896-alt/SG-Code/refs/heads/main/1/images/vijay21.jpg", "categories": "TVK", "premium": false },
  { "name": "TVK", "url": "https://raw.githubusercontent.com/sgapps1896-alt/SG-Code/refs/heads/main/1/images/vijay22.jpg", "previewUrl": "https://raw.githubusercontent.com/sgapps1896-alt/SG-Code/refs/heads/main/1/images/vijay22.jpg", "categories": "TVK", "premium": false },
  { "name": "TVK", "url": "https://raw.githubusercontent.com/sgapps1896-alt/SG-Code/refs/heads/main/1/images/vijay23.jpg", "previewUrl": "https://raw.githubusercontent.com/sgapps1896-alt/SG-Code/refs/heads/main/1/images/vijay23.jpg", "categories": "TVK", "premium": false },
  { "name": "TVK", "url": "https://raw.githubusercontent.com/sgapps1896-alt/SG-Code/refs/heads/main/1/images/vijay24.jpg", "previewUrl": "https://raw.githubusercontent.com/sgapps1896-alt/SG-Code/refs/heads/main/1/images/vijay24.jpg", "categories": "TVK", "premium": false },
  { "name": "TVK", "url": "https://raw.githubusercontent.com/sgapps1896-alt/SG-Code/refs/heads/main/1/images/vijay25.jpg", "previewUrl": "https://raw.githubusercontent.com/sgapps1896-alt/SG-Code/refs/heads/main/1/images/vijay25.jpg", "categories": "TVK", "premium": false },
  { "name": "TVK", "url": "https://raw.githubusercontent.com/sgapps1896-alt/SG-Code/refs/heads/main/1/images/vijay26.jpg", "previewUrl": "https://raw.githubusercontent.com/sgapps1896-alt/SG-Code/refs/heads/main/1/images/vijay26.jpg", "categories": "TVK", "premium": false },
  { "name": "TVK", "url": "https://raw.githubusercontent.com/sgapps1896-alt/SG-Code/refs/heads/main/1/images/vijay27.jpg", "previewUrl": "https://raw.githubusercontent.com/sgapps1896-alt/SG-Code/refs/heads/main/1/images/vijay27.jpg", "categories": "TVK", "premium": false },
  { "name": "TVK", "url": "https://raw.githubusercontent.com/sgapps1896-alt/SG-Code/refs/heads/main/1/images/vijay28.jpg", "previewUrl": "https://raw.githubusercontent.com/sgapps1896-alt/SG-Code/refs/heads/main/1/images/vijay28.jpg", "categories": "TVK", "premium": false },
  { "name": "TVK", "url": "https://raw.githubusercontent.com/sgapps1896-alt/SG-Code/refs/heads/main/1/images/vijay29.jpg", "previewUrl": "https://raw.githubusercontent.com/sgapps1896-alt/SG-Code/refs/heads/main/1/images/vijay29.jpg", "categories": "TVK", "premium": false },
  { "name": "TVK", "url": "https://raw.githubusercontent.com/sgapps1896-alt/SG-Code/refs/heads/main/1/images/vijay30.jpg", "previewUrl": "https://raw.githubusercontent.com/sgapps1896-alt/SG-Code/refs/heads/main/1/images/vijay30.jpg", "categories": "TVK", "premium": false },
  { "name": "TVK", "url": "https://raw.githubusercontent.com/sgapps1896-alt/SG-Code/refs/heads/main/1/images/vijay31.jpg", "previewUrl": "https://raw.githubusercontent.com/sgapps1896-alt/SG-Code/refs/heads/main/1/images/vijay31.jpg", "categories": "TVK", "premium": false },
  { "name": "TVK", "url": "https://raw.githubusercontent.com/sgapps1896-alt/SG-Code/refs/heads/main/1/images/vijay32.jpg", "previewUrl": "https://raw.githubusercontent.com/sgapps1896-alt/SG-Code/refs/heads/main/1/images/vijay32.jpg", "categories": "TVK", "premium": false },
  { "name": "TVK", "url": "https://raw.githubusercontent.com/sgapps1896-alt/SG-Code/refs/heads/main/1/images/vijay33.jpg", "previewUrl": "https://raw.githubusercontent.com/sgapps1896-alt/SG-Code/refs/heads/main/1/images/vijay33.jpg", "categories": "TVK", "premium": false },
  { "name": "TVK", "url": "https://raw.githubusercontent.com/sgapps1896-alt/SG-Code/refs/heads/main/1/images/vijay34.jpg", "previewUrl": "https://raw.githubusercontent.com/sgapps1896-alt/SG-Code/refs/heads/main/1/images/vijay34.jpg", "categories": "TVK", "premium": false },
  { "name": "TVK", "url": "https://raw.githubusercontent.com/sgapps1896-alt/SG-Code/refs/heads/main/1/images/vijay35.jpg", "previewUrl": "https://raw.githubusercontent.com/sgapps1896-alt/SG-Code/refs/heads/main/1/images/vijay35.jpg", "categories": "TVK", "premium": false },
  { "name": "TVK", "url": "https://raw.githubusercontent.com/sgapps1896-alt/SG-Code/refs/heads/main/1/images/vijay36.jpg", "previewUrl": "https://raw.githubusercontent.com/sgapps1896-alt/SG-Code/refs/heads/main/1/images/vijay36.jpg", "categories": "TVK", "premium": false },
  { "name": "TVK", "url": "https://raw.githubusercontent.com/sgapps1896-alt/SG-Code/refs/heads/main/1/images/vijay37.jpg", "previewUrl": "https://raw.githubusercontent.com/sgapps1896-alt/SG-Code/refs/heads/main/1/images/vijay37.jpg", "categories": "TVK", "premium": false },
  { "name": "TVK", "url": "https://raw.githubusercontent.com/sgapps1896-alt/SG-Code/refs/heads/main/1/images/vijay38.jpg", "previewUrl": "https://raw.githubusercontent.com/sgapps1896-alt/SG-Code/refs/heads/main/1/images/vijay38.jpg", "categories": "TVK", "premium": false },
  { "name": "TVK", "url": "https://raw.githubusercontent.com/sgapps1896-alt/SG-Code/refs/heads/main/1/images/vijay39.jpg", "previewUrl": "https://raw.githubusercontent.com/sgapps1896-alt/SG-Code/refs/heads/main/1/images/vijay39.jpg", "categories": "TVK", "premium": false },
  { "name": "TVK", "url": "https://raw.githubusercontent.com/sgapps1896-alt/SG-Code/refs/heads/main/1/images/vijay40.jpg", "previewUrl": "https://raw.githubusercontent.com/sgapps1896-alt/SG-Code/refs/heads/main/1/images/vijay40.jpg", "categories": "TVK", "premium": false },
  { "name": "TVK", "url": "https://raw.githubusercontent.com/sgapps1896-alt/SG-Code/refs/heads/main/1/images/vijay41.jpg", "previewUrl": "https://raw.githubusercontent.com/sgapps1896-alt/SG-Code/refs/heads/main/1/images/vijay41.jpg", "categories": "TVK", "premium": false },
  { "name": "TVK", "url": "https://raw.githubusercontent.com/sgapps1896-alt/SG-Code/refs/heads/main/1/images/vijay42.jpg", "previewUrl": "https://raw.githubusercontent.com/sgapps1896-alt/SG-Code/refs/heads/main/1/images/vijay42.jpg", "categories": "TVK", "premium": false },
  { "name": "TVK", "url": "https://raw.githubusercontent.com/sgapps1896-alt/SG-Code/refs/heads/main/1/images/vijay43.jpg", "previewUrl": "https://raw.githubusercontent.com/sgapps1896-alt/SG-Code/refs/heads/main/1/images/vijay43.jpg", "categories": "TVK", "premium": false },
  { "name": "TVK", "url": "https://raw.githubusercontent.com/sgapps1896-alt/SG-Code/refs/heads/main/1/images/vijay44.jpg", "previewUrl": "https://raw.githubusercontent.com/sgapps1896-alt/SG-Code/refs/heads/main/1/images/vijay44.jpg", "categories": "TVK", "premium": false },
  { "name": "TVK", "url": "https://raw.githubusercontent.com/sgapps1896-alt/SG-Code/refs/heads/main/1/images/vijay45.jpg", "previewUrl": "https://raw.githubusercontent.com/sgapps1896-alt/SG-Code/refs/heads/main/1/images/vijay45.jpg", "categories": "TVK", "premium": false },
  { "name": "TVK", "url": "https://raw.githubusercontent.com/sgapps1896-alt/SG-Code/refs/heads/main/1/images/vijay46.jpg", "previewUrl": "https://raw.githubusercontent.com/sgapps1896-alt/SG-Code/refs/heads/main/1/images/vijay46.jpg", "categories": "TVK", "premium": false },
  { "name": "TVK", "url": "https://raw.githubusercontent.com/sgapps1896-alt/SG-Code/refs/heads/main/1/images/vijay47.jpg", "previewUrl": "https://raw.githubusercontent.com/sgapps1896-alt/SG-Code/refs/heads/main/1/images/vijay47.jpg", "categories": "TVK", "premium": false },
  { "name": "TVK", "url": "https://raw.githubusercontent.com/sgapps1896-alt/SG-Code/refs/heads/main/1/images/vijay48.jpg", "previewUrl": "https://raw.githubusercontent.com/sgapps1896-alt/SG-Code/refs/heads/main/1/images/vijay48.jpg", "categories": "TVK", "premium": false },
  { "name": "TVK", "url": "https://raw.githubusercontent.com/sgapps1896-alt/SG-Code/refs/heads/main/1/images/vijay49.jpg", "previewUrl": "https://raw.githubusercontent.com/sgapps1896-alt/SG-Code/refs/heads/main/1/images/vijay49.jpg", "categories": "TVK", "premium": false },
  { "name": "TVK", "url": "https://raw.githubusercontent.com/sgapps1896-alt/SG-Code/refs/heads/main/1/images/vijay50.jpg", "previewUrl": "https://raw.githubusercontent.com/sgapps1896-alt/SG-Code/refs/heads/main/1/images/vijay50.jpg", "categories": "TVK", "premium": false },
  { "name": "TVK", "url": "https://raw.githubusercontent.com/sgapps1896-alt/SG-Code/refs/heads/main/1/images/vijay51.jpg", "previewUrl": "https://raw.githubusercontent.com/sgapps1896-alt/SG-Code/refs/heads/main/1/images/vijay51.jpg", "categories": "TVK", "premium": false },
  { "name": "TVK", "url": "https://raw.githubusercontent.com/sgapps1896-alt/SG-Code/refs/heads/main/1/images/vijay52.jpg", "previewUrl": "https://raw.githubusercontent.com/sgapps1896-alt/SG-Code/refs/heads/main/1/images/vijay52.jpg", "categories": "TVK", "premium": false },
  { "name": "TVK", "url": "https://raw.githubusercontent.com/sgapps1896-alt/SG-Code/refs/heads/main/1/images/vijay53.jpg", "previewUrl": "https://raw.githubusercontent.com/sgapps1896-alt/SG-Code/refs/heads/main/1/images/vijay53.jpg", "categories": "TVK", "premium": false },
  { "name": "TVK", "url": "https://raw.githubusercontent.com/sgapps1896-alt/SG-Code/refs/heads/main/1/images/vijay54.jpg", "previewUrl": "https://raw.githubusercontent.com/sgapps1896-alt/SG-Code/refs/heads/main/1/images/vijay54.jpg", "categories": "TVK", "premium": false },
  { "name": "TVK", "url": "https://raw.githubusercontent.com/sgapps1896-alt/SG-Code/refs/heads/main/1/images/vijay55.jpg", "previewUrl": "https://raw.githubusercontent.com/sgapps1896-alt/SG-Code/refs/heads/main/1/images/vijay55.jpg", "categories": "TVK", "premium": false },
  { "name": "TVK", "url": "https://raw.githubusercontent.com/sgapps1896-alt/SG-Code/refs/heads/main/1/images/vijay56.jpg", "previewUrl": "https://raw.githubusercontent.com/sgapps1896-alt/SG-Code/refs/heads/main/1/images/vijay56.jpg", "categories": "TVK", "premium": false },
  { "name": "TVK", "url": "https://raw.githubusercontent.com/sgapps1896-alt/SG-Code/refs/heads/main/1/images/vijay57.jpg", "previewUrl": "https://raw.githubusercontent.com/sgapps1896-alt/SG-Code/refs/heads/main/1/images/vijay57.jpg", "categories": "TVK", "premium": false },
  { "name": "TVK", "url": "https://raw.githubusercontent.com/sgapps1896-alt/SG-Code/refs/heads/main/1/images/vijay58.jpg", "previewUrl": "https://raw.githubusercontent.com/sgapps1896-alt/SG-Code/refs/heads/main/1/images/vijay58.jpg", "categories": "TVK", "premium": false },
  { "name": "TVK", "url": "https://raw.githubusercontent.com/sgapps1896-alt/SG-Code/refs/heads/main/1/images/vijay59.jpg", "previewUrl": "https://raw.githubusercontent.com/sgapps1896-alt/SG-Code/refs/heads/main/1/images/vijay59.jpg", "categories": "TVK", "premium": false },
  { "name": "TVK", "url": "https://raw.githubusercontent.com/sgapps1896-alt/SG-Code/refs/heads/main/1/images/vijay60.jpg", "previewUrl": "https://raw.githubusercontent.com/sgapps1896-alt/SG-Code/refs/heads/main/1/images/vijay60.jpg", "categories": "TVK", "premium": false },
  { "name": "TVK", "url": "https://raw.githubusercontent.com/sgapps1896-alt/SG-Code/refs/heads/main/1/images/vijay61.jpg", "previewUrl": "https://raw.githubusercontent.com/sgapps1896-alt/SG-Code/refs/heads/main/1/images/vijay61.jpg", "categories": "TVK", "premium": false },
  { "name": "TVK", "url": "https://raw.githubusercontent.com/sgapps1896-alt/SG-Code/refs/heads/main/1/images/vijay62.jpg", "previewUrl": "https://raw.githubusercontent.com/sgapps1896-alt/SG-Code/refs/heads/main/1/images/vijay62.jpg", "categories": "TVK", "premium": false },
  { "name": "TVK", "url": "https://raw.githubusercontent.com/sgapps1896-alt/SG-Code/refs/heads/main/1/images/vijay63.jpg", "previewUrl": "https://raw.githubusercontent.com/sgapps1896-alt/SG-Code/refs/heads/main/1/images/vijay63.jpg", "categories": "TVK", "premium": false },
  { "name": "TVK", "url": "https://raw.githubusercontent.com/sgapps1896-alt/SG-Code/refs/heads/main/1/images/vijay64.jpg", "previewUrl": "https://raw.githubusercontent.com/sgapps1896-alt/SG-Code/refs/heads/main/1/images/vijay64.jpg", "categories": "TVK", "premium": false },
  { "name": "TVK", "url": "https://raw.githubusercontent.com/sgapps1896-alt/SG-Code/refs/heads/main/1/images/vijay65.jpg", "previewUrl": "https://raw.githubusercontent.com/sgapps1896-alt/SG-Code/refs/heads/main/1/images/vijay65.jpg", "categories": "TVK", "premium": false },
  { "name": "TVK", "url": "https://raw.githubusercontent.com/sgapps1896-alt/SG-Code/refs/heads/main/1/images/vijay66.jpg", "previewUrl": "https://raw.githubusercontent.com/sgapps1896-alt/SG-Code/refs/heads/main/1/images/vijay66.jpg", "categories": "TVK", "premium": false },
  { "name": "TVK", "url": "https://raw.githubusercontent.com/sgapps1896-alt/SG-Code/refs/heads/main/1/images/vijay67.jpg", "previewUrl": "https://raw.githubusercontent.com/sgapps1896-alt/SG-Code/refs/heads/main/1/images/vijay67.jpg", "categories": "TVK", "premium": false },
  { "name": "TVK", "url": "https://raw.githubusercontent.com/sgapps1896-alt/SG-Code/refs/heads/main/1/images/vijay68.jpg", "previewUrl": "https://raw.githubusercontent.com/sgapps1896-alt/SG-Code/refs/heads/main/1/images/vijay68.jpg", "categories": "TVK", "premium": false },
  { "name": "TVK", "url": "https://raw.githubusercontent.com/sgapps1896-alt/SG-Code/refs/heads/main/1/images/vijay69.jpg", "previewUrl": "https://raw.githubusercontent.com/sgapps1896-alt/SG-Code/refs/heads/main/1/images/vijay69.jpg", "categories": "TVK", "premium": false },
  { "name": "TVK", "url": "https://raw.githubusercontent.com/sgapps1896-alt/SG-Code/refs/heads/main/1/images/vijay70.jpg", "previewUrl": "https://raw.githubusercontent.com/sgapps1896-alt/SG-Code/refs/heads/main/1/images/vijay70.jpg", "categories": "TVK", "premium": false },
  { "name": "TVK", "url": "https://raw.githubusercontent.com/sgapps1896-alt/SG-Code/refs/heads/main/1/images/vijay71.jpg", "previewUrl": "https://raw.githubusercontent.com/sgapps1896-alt/SG-Code/refs/heads/main/1/images/vijay71.jpg", "categories": "TVK", "premium": false },
  { "name": "TVK", "url": "https://raw.githubusercontent.com/sgapps1896-alt/SG-Code/refs/heads/main/1/images/vijay72.jpg", "previewUrl": "https://raw.githubusercontent.com/sgapps1896-alt/SG-Code/refs/heads/main/1/images/vijay72.jpg", "categories": "TVK", "premium": false },
  { "name": "TVK", "url": "https://raw.githubusercontent.com/sgapps1896-alt/SG-Code/refs/heads/main/1/images/vijay73.jpg", "previewUrl": "https://raw.githubusercontent.com/sgapps1896-alt/SG-Code/refs/heads/main/1/images/vijay73.jpg", "categories": "TVK", "premium": false },
  { "name": "TVK", "url": "https://raw.githubusercontent.com/sgapps1896-alt/SG-Code/refs/heads/main/1/images/vijay74.jpg", "previewUrl": "https://raw.githubusercontent.com/sgapps1896-alt/SG-Code/refs/heads/main/1/images/vijay74.jpg", "categories": "TVK", "premium": false }
]